ano,VAR_EFETIVO_DOS_REBANHOS,VAR_EFETIVO_DOS_REBANHOS - PRODUTO_BOVINO,VAR_EFETIVO_DOS_REBANHOS - PRODUTO_BOVINO - REGINTER_BELEM - REGIMED_ABAETETUBA,VAR_EFETIVO_DOS_REBANHOS - PRODUTO_BOVINO - REGINTER_SANTAREM,VAR_EFETIVO_DOS_REBANHOS - PRODUTO_BOVINO - REGINTER_SANTAREM - REGIMED_ORIXIMINA,VAR_EFETIVO_DOS_REBANHOS - PRODUTO_BOVINO - REGINTER_CASTANHAL,VAR_EFETIVO_DOS_REBANHOS - PRODUTO_BOVINO - REGINTER_CASTANHAL - REGIMED_PARAGOMINAS,VAR_EFETIVO_DOS_REBANHOS - PRODUTO_BOVINO - REGINTER_CASTANHAL - REGIMED_CAPITAOPOCO,VAR_AREA_DE_COBERTURA - PRODUTO_PASTO - REGINTER_SANTAREM,VAR_AREA_DE_COBERTURA - PRODUTO_PASTO - REGINTER_ALTAMIRA,VAR_AREA_DE_COBERTURA - PRODUTO_PASTO - REGINTER_ALTAMIRA - REGIMED_ALMEIRIMPORTODEMOZ,VAR_AREA_DE_COBERTURA - PRODUTO_PASTO - REGINTER_CASTANHAL - REGIMED_CAPANEMA,TOTAL
2016,20766098.594936073,20766098.59440034,162384.44341483197,2427566.4814175013,391551.84254819807,1355823.5021710615,721650.9884387803,186091.00430594644,2780571.9121212554,1933594.488794653,180832.39911753987,312967.37770313956,41555371.311440036
2017,20550436.308773864,20550436.309832793,169760.20920183562,2553321.8900641594,425455.8956087673,1261696.123228892,643062.5958921721,178687.80466684545,2861192.7220598976,2009687.9933143824,181310.04171366073,310855.6091430108,41924233.288307585
2018,20876405.433670454,20876405.432700433,165311.86987993252,2643566.8243041774,420893.8589553267,1409649.9853107955,658384.0557282399,170295.76457437416,2904051.339841058,2017627.1324214456,175021.72195325224,322856.1955654032,41894876.41528997
2019,20820963.167990573,20820963.168838922,175462.21675670182,2638697.690010489,364775.7209003039,1446135.6589822934,580448.329945043,173997.25001476047,2898631.452788707,2162026.26592974,186968.14384766645,317162.80035856605,42470230.13423645
2020,21984737.77260006,21984737.771719884,175242.78861144063,2677905.640332909,402922.5071036109,1532088.918200957,722897.253797766,190795.5981613852,2919100.324287737,2269308.9256237103,179720.86547133722,306554.0069657351,43035322.510331236
2021,22763709.10720776,22763709.10782271,176247.881779651,2872976.106234739,390001.0095281447,1694822.693023476,739803.5936556176,247399.0183842837,3088622.606336357,2554490.2260255916,148872.12233978312,308179.8036647418,44394839.34490845
