ano,VAR_EFETIVO_DOS_REBANHOS - PRODUTO_BOVINO
2016,20643435.136341047
2017,20653214.895960994
2018,20762615.796141643
2019,20676421.7391776
2020,21250946.931909125
2021,23980305.134625357
